<?xml version="1.0" encoding="utf-8"?>
<xd:acceleratorMap xmlns:xd="http://www.xilinx.com/xidane" xd:functionName="optical_flow" xd:componentRef="optical_flow" xd:initiationInterval="449646" xd:clockPeriod="10.000" xd:sequential="true" xd:hostMachine="64" xd:reset="control">
  <xd:controlReg xd:name="control" xd:interfaceRef="ap_ctrl" xd:busTypeRef="acc_handshake" xd:type="acc_handshake"/>
  <xd:arg xd:name="frames_V_d0" xd:originalName="frames_V_d0" xd:direction="out" xd:interfaceRef="frames_V_d0" xd:busTypeRef="ap_memory" xd:arraySize="1" xd:dataWidth="64"/>
  <xd:arg xd:name="frames_V_q0" xd:originalName="frames_V_q0" xd:direction="in" xd:interfaceRef="frames_V_q0" xd:busTypeRef="ap_memory" xd:arraySize="1" xd:dataWidth="64"/>
  <xd:arg xd:name="frames_V_d1" xd:originalName="frames_V_d1" xd:direction="out" xd:interfaceRef="frames_V_d1" xd:busTypeRef="ap_memory" xd:arraySize="1" xd:dataWidth="64"/>
  <xd:arg xd:name="frames_V_q1" xd:originalName="frames_V_q1" xd:direction="in" xd:interfaceRef="frames_V_q1" xd:busTypeRef="ap_memory" xd:arraySize="1" xd:dataWidth="64"/>
  <xd:arg xd:name="outputs_d0" xd:originalName="outputs_d0" xd:direction="out" xd:interfaceRef="outputs_d0" xd:busTypeRef="ap_memory" xd:arraySize="1" xd:dataWidth="64"/>
  <xd:arg xd:name="outputs_q0" xd:originalName="outputs_q0" xd:direction="in" xd:interfaceRef="outputs_q0" xd:busTypeRef="ap_memory" xd:arraySize="1" xd:dataWidth="64"/>
  <xd:arg xd:name="outputs_d1" xd:originalName="outputs_d1" xd:direction="out" xd:interfaceRef="outputs_d1" xd:busTypeRef="ap_memory" xd:arraySize="1" xd:dataWidth="64"/>
  <xd:arg xd:name="outputs_q1" xd:originalName="outputs_q1" xd:direction="in" xd:interfaceRef="outputs_q1" xd:busTypeRef="ap_memory" xd:arraySize="1" xd:dataWidth="64"/>
  <xd:latencyEstimates xd:best-case="449645" xd:worst-case="449645" xd:average-case="449645"/>
  <xd:resourceEstimates xd:LUT="26432" xd:FF="33209" xd:BRAM="135" xd:DSP="196"/>
</xd:acceleratorMap>
